{"cameraMode":{"drawMode":0,"name":"Shaded","section":"Shading Mode"},"sceneLighting":true,"audioPlay":false,"sceneViewState":{"showFog":true,"showMaterialUpdate":false,"showSkybox":true,"showFlares":true,"showImageEffects":true,"showParticleSystems":true},"in2DMode":false,"pivot":{"x":0.2412128448486328,"y":3.4738152027130129,"z":3.5829434394836427},"rotation":{"x":-0.08218931406736374,"y":0.7154726982116699,"z":-0.08540726453065872,"w":-0.6885141134262085},"size":4.755729675292969,"orthographic":false}