{"cameraMode":{"drawMode":0,"name":"Shaded","section":"Shading Mode"},"sceneLighting":true,"audioPlay":false,"sceneViewState":{"showFog":true,"showMaterialUpdate":false,"showSkybox":true,"showFlares":true,"showImageEffects":true,"showParticleSystems":true},"in2DMode":false,"pivot":{"x":169.6466522216797,"y":196.33827209472657,"z":-26.682464599609376},"rotation":{"x":-0.0029974812641739847,"y":0.9952584505081177,"z":-0.09163198620080948,"w":-0.03255559876561165},"size":201.4796905517578,"orthographic":false}